CODIGO;DESCRIPCION;WEB;X 2 EFEC;X 4 TC;X 4 EFEC
14513GODCR868;NEUMATICO 145R13C GOODRIDE CR868;49.900;95.000;190.000;180.000
14513NEX321;NEUMATICO 145R13C NEXEN CP321;59.900;110.000;220.000;200.000
14513LPOWER28G;NEUMATICO 145R13C GREENLANDER LPOWER 28 88/86Q;42.900;80.000;160.000;150.000
1457013TX5;NEUMATICO 145/70R13 TRACMAX TX5 71T;34.900;66.000;132.000;125.000
15512SNSPS1;NEUMATICO 155R12C SONIX SUPERVAN S1 86S;34.900;66310;132620;125640
15512QUESTC31R;NEUMATICO 155R12C ROADX C31R 88/86Q;41.900;78.000;155.000;150000
15513SNSPS1;NEUMATICO 155R13C SONIX SUPERVAN S1;42.900;80.000;160.000;150.000
1556513MIRAMR16;NEUMATICO 155/65R13 MIRAGE MR166 73T;29.900;55.000;112.000;105.000
1556513ROADH11;NEUMATICO 155/65R13 ROADX H11 73T;34.900;65.000;130.000;125.000
1556513NXGX;NEUMATICO 155/65R13 NEXEN NPRIZ GX 73T;51.900;98.000;195.000;180.000
1556514ROADH11;NEUMATICO 155/65R14 ROADX H11 75T;39.900;75.000;150.000;140.000
1556514ROADMEC99;NEUMATICO 155/65R14 ROADMARCH ECOPRO 99;34.900;65.000;132.000;125.000
1557012SNEC99;NEUMATICO 155/70R12 SONIX ECOPRO 99 73T;31.900;60.000;120.000;115.000
1557013ROADH11;NEUMATICO 155/70R13 ROADX H11 75T;34.900;65.000;130.000;125.000
1557013RW581;NEUMATICO 155/70R13 ROADWING RW581 75T;32.900;60.000;124.000;115.000
1557013SNEC99;NEUMATICO 155/70R13 75T SONIX ECOPRO 99;32.900;62.000;125.000;120.000
1557013NEXEN;NEUMATICO 155/70R13 NEXEN NPRIZ GX 75T;54.900;103.000;205.000;195.000
1557014TRACTX5;NEUMATICO 155/70R14 TRACMAX TX5 77T;35.900;67.000;135.000;130.000
1558013RRAINMTS;NEUMATICO 155/80R13 SUMAXX MT 79Q;59.900;114.000;225.000;215.000
16513WZT705T;NEUMATICO 165R13C TRANSMATE WZT705 94/93R;46.900;90.000;175.000;165.000
16514WZT705T;NEUMATICO 165R14C TRANSMATE 96/95R;51.900;95.000;190.000;180.000
1655015SNP66;NEUMATICO 165/50R15 SONIX PRIMESTAR P66 73V;44.900;85.000;165.000;160.000
1655015RIFTINGXS;NEUMATICO 165/50R15 SUMAXX MAX DRIFTING X 7V;49.900;90.000;180.000;170.000
1655514NGPROONEG;NEUMATICO 165/55R14 GREENLANDER KING PRO ONE 72H;37.900;70.000;140.000;135.000
1655515SNP66;NEUMATICO 165/55R15 SONIX PRIMESTAR 66 75V;42.900;80.000;163.000;155.000
1656014GODRP28;NEUMATICO 165/60R14 GOODRIDE RP28 75H;39.900;75.000;150.000;140.000
1656014MIRAMR16;NEUMATICO 165/60R14 MIRAGE MR166 75H;33.900;62.000;127.000;120.000
1656014NXGX;NEUMATICO 165/60R14 NEXEN NPRIZ GX 79H;51.900;98.000;195.000;185.000
1656014SEC99;NEUMATICO 165/60R14 SONIX ECOPRO 99;34.900;65.000;132.000;125.000
1656014LLCFM;NEUMATICO 165/60R14 LING LONG CONFORT MASTER;35.900;68.000;135.000;130.000
1656014ROADH11;NEUMATICO 165/60R14 ROADX H11 75H;35.900;68.000;135.000;130.000
1656015ROADH11;NEUMATICO 165/60R15 ROADX H11 77H;48.900;90.000;180.000;170.000
1656513NXGX;NEUMATICO 165/65R13 NEXEN NPRIZ GX 81T;49.900;95.000;190.000;180.000
1656513ROADH11;NEUMATICO 165/65R13 ROADX H11 77T;39.900;75.000;150.000;145.000
1656513LITEECOA;NEUMATICO 165/65R13 AOTELI ECO 77T;34.900;65.000;130.000;125.000
1656513SNXS7;NEUMATICO 165/65R13 SONIX XCOMFORT S7 77T;36.900;70.000;140.000;130.000
1656514NXGX;NEUMATICO 165/65R14 NEXEN NPRIZ GX;51.900;95.000;195.000;185.000
1656514ROADH11;NEUMATICO 165/65R14 ROADX H11 79T;39.900;75.000;150.000;140.000
1656514GODRP28;NEUMATICO 165/65R14 GOODRIDE RP28 79T;45.900;87.000;174.000;165.000
1656514CKETRR11R;NEUMATICO 165/65R14 MIRAGE MR166;34.900;65.000;130.000;125.000
1657013GODRP28;NEUMATICO 165/70R13 GOODRIDE RP28 79T;37.900;70.000;143.000;135.000
1657013ROADMP28;NEUMATICO 165/70R13C ROADMARCH PRIMEVAN 28 88/86R;44.900;85.000;170.000;160.000
1657013OURINGH7T;NEUMATICO 165/70R13 TRANSMATE TOURING H7 79T;32.900;60.000;125.000;120.000
1657013NXGX;NEUMATICO 165/70R13 NEXEN NPRIZ GX 79T;51.900;98.000;200.000;190.000
1657014GDRP28;NEUMATICO 165/70R14 GOODRIDE RP 28 81T;44.900;85.000;170.000;160.000
1657014NXGX;NEUMATICO 165/70R14 NEXEN NPRIZ GX 81T;51.900;95.000;195.000;185.000
1657014MIRAMR16 ;NEUMATICO 165/70R14 MIRAGE MR166 81T;35.900;70.000;136.000;130.000
1657014RISEN;NEUMATICO 165/70R14 RISEN RP68 81T;36.900;70.000;140.000;135.000
1657014SNXS7;NEUMATICO 165/70R14 SONIX XCOMFORT S7 81T;37.900;72.000;144.000;135.000
1658014OTIONH11R;NEUMATICO 165/80R14 ROADX H11 85T;49.900;95.000;185.000;175.000
17514WZT705T;NEUMATICO 175R14 TRANSMATE 99/98R ;53.900;100.000;200.000;190.000
17514QUESTC31R;NEUMATICO 175R14C ROADX C31 99/97Q;58.900;110.000;220.000;210.000
1755015ROADH03;NEUMATICO 175/50R15 ROADX H03 75H;52.900;95.000;200.000;180.000
1755515OURINGH7T;NEUMATICO 175/55R15 TRANSMATE OURING H7 77H;52.900;100.000;195.000;185.000
1755516APT022;NEUMATICO 175/55R16 APTANY RP022 80H;61.900;115.000;230.000;220.000
1756013R29W;NEUMATICO 175/60R13 WARRIOR 77T;39.900;75.000;150.000;140.000
1756014MR166;NEUMATICO 175/60R14 MIRAGE MR166 79H;44.900;85.000;165.000;155.000
1756015GODRP28;NEUMATICO 175/60R15 GOODRIDE RP28 81H;52.900;100.000;195.000;185.000
1756015R700EVW;NEUMATICO 175/60R15 WARRIOR R700 81H;41.900;79.000;158.000;150.000
1756016ROADH12;NEUMATICO 175/60R16 ROADX H12 82H;58.900;108.000;220.000;210.000
1756513LLGMAXECO;NEUMATICO 175/65R13 LING LONG GREEN MAX ECO TOURING 80T;42.900;80.000;160.000;150.000
1756514OTIONH11R;NEUMATICO 175/65R14 ROADX H11 86T;41.900;78.000;158.000;150.000
1756514NXGX;NEUMATICO 175/65R14 NEXEN NPRIZ GX 82H;52.900;100.000;200.000;185.000
1756514SNEC99;NEUMATICO 175/65R14 SONIX ECOPRO 99 86T XL;38.900;72.000;145.000;135.000
1756514FM601F;NEUMATICO 175/65R14 FIREMAX FM601 82H ;37.900;70.000;140.000;130.000
1756515ROADH12;NEUMATICO 175/65R15 ROADX H12 88H;52.900;100.000;200.000;190.000
1756515OURINGH7T;NEUMATICO 175/65R15 TRANSMATE H7 84H;48.900;90.000;180.000;170.000
1757013NXGX;NEUMATICO 175/70R13 NEXEN NPRIZ GX 82T;49.900;92.000;185.000;175.000
1757013ROADH11;NEUMATICO 175/70R13 ROADX H11 82T;37.900;72.000;144.000;135.000
1757013TRMUSECOT;NEUMATICO 175/70R13 TRANSMATE TRANSENUS;34.900;65.000;130.000;125.000
1757014GDRP28;NEUMATICO 175/70R14 GOODRIDE RP 28;43.900;82.000;165.000;155.000
1757014ROADH1184;NEUMATICO 175/70R14 ROADX H11 88T;41.900;78.000;155.000;150.000
1757014GODSL369AT;NEUMATICO 175/70R14 GOODRIDE SL369 AT 84T;60.900;115.000;230.000;220.000
1757014NXGX;NEUMATICO 175/70R14 NEXEN NPRIZ GX;52.900;100.000;200.000;190.000
1757014RENUSECOT;NEUMATICO 175/70R14 TRANSMATE ECO 84T;37.900;70.000;140.000;130.000
1757014ROADRA63;NEUMATICO 175/70R14 ROADCRUZA RA630 84T;39.900;75.000;150.000;140.000
1757014SNP28;NEUMATICO 175/70R14C SONIX PRIMEVAN 28 95/93S;47.900;88.000;180.000;170.000
1757014NXAH8;NEUMATICO 175/70R14 NEXEN AH8;62.900;118.000;235.000;225.000
1757014NXCT8;NEUMATICO 175/70R14 NEXEN CT8;79.900;150.000;300.000;285.000
1758014GODSL369AT;NEUMATICO 175/80R14 GOODRIDE SL369 AT 88T;69.900;135.000;270.000;250.000
1758014SUMAALLTE;NEUMATICO 175/80R14 SUMAXX AT 92T;74.900;140.000;280.000;270.000
18514MIRAMR30;NEUMATICO 185R14C MIRAGE MR300 102/100R;53.900;102.000;204.000;195.000
18514RRAINMTS;NEUMATICO 185R14C SUMAXX MT 102/100Q;91.900;170.000;340.000;320.000
18515WZT705T;NEUMATICO 185R15C TRANSMATE WZT705 103/102R;69.900;130.000;260.000;250.000
1854515OTIONU11R;NEUMÁTICO 185/45R15 ROADX U11 75Y;49.900;95.000;190.000;180.000
1855514OURINGH7T;NEUMATICO 185/55R14 TRANSMATE OURING H7;44.900;85.000;170.000;160.000
1855514OTIONH12R;NEUMATICO 185/55R14 ROADX H12;49.900;95.000;190.000;180.000
1855515TRANECO;NEUMATICO 185/55R15 TRANSMATE ECO;42.900;80.000;160.000;150.000
1855515ROADH1292;NEUMATICO 185/55R15 ROADX H12;46.900;88.000;175.000;168.000
1855515NXGX;NEUMATICO 185/55R15 NEXEN NPRIZ GX;72.900;137.000;275.000;260.000
1855516ROADH12;NEUMATICO 185/55R16 ROADX H12 83V;54.900;104.000;205.000;190.000
1855516SNEC99;NEUMATICO 185/55R16 87V XL SONIX ECOPRO 99;48.900;93.000;185.000;170.000
1855516SNXCS7;NEUMATICO 185/55R16 83V SONIX XCOMFORT S7;51.900;98.000;195.000;180.000
1856013GRENCOLO;NEUMATICO 185/60R13 GREENLANDER COLO H01 80H;46.900;90.000;175.000;165.000
1856014GDRP28;NEUMATICO 185/60R14 GOODRIDE RP28 82H;44.900;85.000;170.000;160.000
1856014OURINGH7T;NEUMATICO 185/60R14 TRANSMATE OURING H7;38.900;74.000;145.000;135.000
1856014SNEC99;NEUMATICO 185/60R14 SONIX ECOPRO 99 82H;39.900;75.000;150.000;140.000
1856014SNXCS7;NEUMATICO 185/60R14 SONIX XCOMFORT S7 82H;42.900;80.000;160.000;150.000
1856014NXGX;NEUMATICO 185/60R14 NEXEN NPRIZ GX;54.900;105.000;205.000;195.000
1856015GDRP28;NEUMATICO 185/60R15 GOODRIDE RP 28 84H;49.900;95.000;190.000;180.000
1856015NXGX;NEUMATICO 185/60R15 NEXEN NPRIZ GX;64.900;120.000;245.000;230.000
1856015RENUSECOT;NEUMATICO 185/60R15 TRANSMATE ECO 88H;42.900;80.000;160.000;150.000
1856015ROADH12;NEUMATICO 185/60R15 ROADX H12 88H;46.900;90.000;175.000;170.000
1856514G118;NEUMATICO 185/65R14 GOODRIDE G118 86H;47.900;90.000;180.000;170.000
1856514RP28;NEUMATICO 185/65R14 GOODRIDE RP28;44.900;85.000;170.000;160.000
1856514NXGX;NEUMATICO 185/65R14 NEXEN NPRIZ GX 86H;59.900;110.000;220.000;210.000
1856514ROADH11;NEUMATICO 185/65R14 RODX H11 86H;44.900;85.000;170.000;160.000
1856514ROADMAS;NEUMATICO 185/65R14 ROADMARCH PRIME AS 86H;42.900;80.000;160.000;150.000
1856514ASTRAR2R;NEUMATICO 185/65R14 RAUFAN ASTRAR R2 86H;38.900;73.000;145.000;135.000
1856515DOUBDK768;NEUMATICO 185/65R15C DOUBLE KING DK768 94/91R;66.900;125.000;250.000;240.000
1856515NXGX;NEUMATICO 185/65R15 NEXEN NPRIZ GX;59.900;112.000;225.000;215.000
1856515NXNBHD;NEUMATICO 185/65R15 NEXEN NBLUE HD 88T;79.900;150.000;300.000;290.000
1856515GODG118;NEUMATICO 185/65R15 GOODRIDE G118;49.900;94.000;190.000;180.000
1856515ROADH1292;NEUMATICO 185/65R15 ROADX H12;52.900;100.000;195.000;180.000
1856515COMAXW;NEUMATICO 185/65R15 WARRIOR ECOMAX 88H;42.900;80.000;160.000;150.000
1856515ECOSPORTC;NEUMATICO 185/65R15 COMFORSER ECOSPORT 88H;48.900;90.000;180.000;170.000
1857013OTIONH11R;NEUMATICO 185/70R13 ROADX H11 86T;49.900;94.000;190.000;175.000
1857013ROADMP66;NEUMATICO 185/70R13 ROADMARCH PRIMESTAR 66;42.900;80.000;160.000;150.000
1857013WESTZ108;NEUMATICO 185/70R13 WESTLAKE Z108;37.900;70.000;140.000;130.000
1857014NXGX;NEUMATICO 185/70R14 NEXEN NPRIZ GX 88T;59.900;110.000;225.000;215.000
1857014ROADH11;NEUMATICO 185/70R14 ROADX H11;49.900;94.000;190.000;180.000
1857014SNEC99;NEUMATICO 185/70R14 SONIX ECOPRO 99 88T;42.900;80.000;160.000;150.000
1857014SNXS7;NEUMATICO 185/70R14 SONIX XCOMFORT S7 88T;47.900;90.000;180.000;170.000
1857014RRAINATS;NEUMATICO 185/70R14 SUMAXX AT;72.900;135.000;275.000;260.000
19514ANZARR6LR;NEUMATICO 195R14C RAUFAN;61.900;118.000;235.000;220.000
19515MIRA300;NEUMATICO 195R15C MIRAGE MR300 106/104R;69.900;132.000;265.000;250.000
19515SUMAALL;NEUMATICO 195R15C SUMAXX AT 106/104R;89.900;170.000;340.000;320.000
19515ROADC31;NEUMATICO 195R15C ROADX C31 106/104R;84.900;160.000;320.000;300.000
1954017OTIONU11R;NEUMÁTICO 195/40ZR17 ROADX U11 81Y;59.900;112.000;225.000;215.000
1954515ROADH12;NEUMATICO 195/45R15 ROADX H12 78W;52.900;100.000;200.000;190.000
1954516ROADH12;NEUMÁTICO 195/45R16 ROADX H12;52.900;100.000;200.000;190.000
1954516SPORTD1T;NEUMATICO 195/45R16 TRANSMATE SPORT D1 84V ;49.900;94.000;185.000;180.000
1954517SNUHP08;NEUMATICO 195/45R17 SONIX UHP 08 85W XL;59.900;112.000;225.000;215.000
1955015NXGX;NEUMATICO 195/50R15 NEXEN NPRIZ GX 82V;59.900;112.000;225.000;215.000
1955015ROADH12;NEUMATICO 195/50R15 ROADX H12 82V;48.900;90.000;180.000;175.000
1955015SNEC99;NEUMATICO 195/50R15 SONIX ECOPRO 99 82V;44.900;85000;165.000;150.000
1955015SUMADR1;NEUMATICO 195/50R15 SUMAXX MAX SPEED R1 DERECHO 82V;55.900;105.000;210.000;200.000
1955015SUMADRIFTX;NEUMATICO 195/50R15 SUMAXX MAX DRIFTING X 82V;56.900;108.000;215.000;205.000
1955015WLSPRAC;NEUMATICO 195/50R15 WANLI SPORT RACING;52.900;100.000;200.000;190.000
1955016ROADH12;NEUMÁTICO 195/50R16 ROADX H12 88V;53.900;100.000;200.000;190.000
1955016OURINGH7T;NEUMATICO 195/50R16 TRANSMATE TOURING H7;47.900;90.000;180.000;170.000
1955016SNXCS7;NEUMATICO 195/50R16 84V SONIX XCOMFORT S7;49.900;94.000;190.000;180.000
1955016SUMADRIFTX;NEUMATICO 195/50R16 SUMAXX MAX DRIFTING X 88V;59.900;112.000;225.000;215.000
1955510WR301W;NEUMATICO 195/55R10 WANDA 98/96P;49.900;94.000;190.000;180.000
1955515RENUSECOT;NEUMÁTICO 195/55R15 TRANSMATE ECO;44.900;85.000;170.000;150.000
1955515GODRP28;NEUMATICO 195/55R15 GOODRIDE RP 28 85V;54.900;103.000;205.000;195.000
1955515NXGX;NEUMATICO 195/55R15 NEXEN NPRIZ GX 85V;59.900;112.000;225.000;215.000
1955515SNEC99;NEUMATICO 195/55R15 SONIX ECOPRO 99 85V;44.900;85.000;170.000;160.000
1955515SUMADR1;NEUMATICO 195/55R15 SUMAXX MAX SPEED R1 DERECHO 85V;59.900;110.000;225.000;215.000
1955515SUMADRIFTX;NEUMATICO 195/55R15 SUMAXX MAX DRIFTING X 85V;59.900;110.000;225.000;215.000
1955515WLSPRAC;NEUMATICO 195/55R15 WANLI SPORT RACING 85V;52.900;100.000;200.000;190.000
1955516FK310R;NEUMATICO 195/55R16 FALKEN ZE310R 91V;84.900;160.000;320.000;300.000
1955516NXGX;Neumático 195/55R16 Nexen Npriz Gx 91V;74.900;140.000;285.000;270.000
1955516ROADH1291V;NEUMÁTICO 195/55R16 ROADX H12 91V XL;54.900;104.000;208.000;195.000
1955516SNEC99;NEUMATICO 195/55R16 SONIX ECOPRO 99 91V XL;49.900;90.000;190.000;170.000
1955516SNXCS7;NEUMATICO 195/55R16 87V SONIX XCOMFORT S7;50.900;94.000;190.000;180.000
1955520SNLZ56;NEUMATICO 195/55R20 SONIX LZEAL 56;99.900;190.000;380.000;360.000
1956014ROADH11;NEUMATICO 195/60R14 ROADX H11 86H;50.900;95.000;190.000;180.000
1956014OURIGNH7T;NEUMATICO 195/60R14 TRANSMATE TOURING H7 86H;47.900;90.000;180.000;170.000
1956015NXGX;NEUMATICO 195/60R15 NEXEN NPRIZ GX;62.900;118.000;235.000;225.000
1956015RP28;NEUMATICO 195/60R15 GOODRIDE RP28 88H;54.900;100.000;200.000;190.000
1956015SNEC99;NEUMATICO 195/60R15 SONIX ECOPRO 99;46.900;88.000;175.000;160.000
1956015ROADH12;NEUMATICO 195/60R15 ROADX H12 88H;51.900;98.000;197.000;185.000
1956016TRANTOURH7;NEUMATICO 195/60R16 TRANSMATE TOURING H7;49.900;94.000;190.000;180.000
1956016ROADMP9;NEUMÁTICO 195/60R16C ROADMARCH PRIMEVAN 9;66.900;125.000;255.000;240.000
1956515RP28;NEUMATICO 195/65R15 GOODRIDE RP28 ;54.900;103.000;205.000;190.000
1956515NXAH5;NEUMATICO 195/65R15 NEXEN NPRIZ AH5 89T;79.900;150.000;300.000;285.000
1956515NXGX;NEUMATICO 195/65R15 NEXEN NPRIZ GX;69.900;130.000;265.000;250.000
1956515ROADH12V;NEUMATICO 195/65R15 ROADX H12 91V;51.900;98.000;195.000;185.000
1956515ROADMAS;NEUMATICO 195/65R15 ROADMARCH PRIME AS 95V XL;49.900;95.000;190.000;180.000
1956515ADIALP03M;NEUMATICO 195/65R15 MINNEL P07 91V;46.900;88.000;178.000;160.000
1957014SNXS7;NEUMATICO 195/70R14 SONIX XCOMFORT S7 91T;47.900;90.000;180.000;170.000
1957015COMF350;NEUMATICO 195/70R15C COMFORSER CF350;64.900;125.000;250.000;240.000
1957516MRR30;NEUMÁTICO 195/75R16C MIRAGE MR300 105R;71.900;135.000;270.000;260.000
2054017ROADMPAS;NEUMATICO 205/40R17 ROADMARCH PRIME AS;59.900;113.000;225.000;210000
2054017ROADU11;NEUMÁTICO 205/40ZR17 ROADX U11;57.900;108.000;220.000;205.000
2054017SPORTD1T;NEUMATICO 205/40R17 TRANSMATE SPORT D1 84W;51.900;98.000;195.000;185.000
2054018ROTRU01;NEUMATICO 205/40R18 ROTALLA RU01 ;72.900;135.000;270.000;260.000
2054516SNUHP08;NEUMATICO 205/45R16 SONIX UHP08 87W XL;49.900;94.000;190.000;180.000
2054516GODSA57;NEUMATICO 205/45R16 GOODRIDE SA57 87W;69.900;132.000;265.000;250.000
2054516ROADH12;NEUMÁTICO 205/45R16 ROADX H12;54.900;104.000;205.000;195.000
2054517GODSA57;NEUMATICO 205/45R17 GOODRIDE SA57 88W;74.900;140.000;280.000;270.000
2054517ROADU11;NEUMÁTICO 205/45ZR17 ROADX U11 88W;54.900;104.000;208.000;195.000
2054517PURESPEEDC;NEUMATICO 205/45R17 COMFORSER PURE SPEED 88Y;49.900;94.000;190.000;180.000
2055015GRENCOLO;NEUMATICO 205/50R15 GREENLANDER COLO H01;49.900;94.000;190.000;180.000
2055016ROADU11;NEUMÁTICO 205/50ZR16 ROADX U11;58.900;110.000;220.000;210.000
2055016SNEC99;NEUMATICO 205/50R16 SONIX ECOPRO99 91W;49.900;94.000;190.000;180.000
2055016SUMADRIFTX;NEUMATICO 205/50R16 SUMAXX MAX DRIFTING X;74.900;140.000;280.000;270.000
2055017ROADRFT;NEUMATICO 205/50R17 ROADX U11 RUNFLAT 93W;114.900;218.000;435.000;415.000
2055017PURESPEEDC;NEUMATICO 205/50R17 COMFORSER PURESPEED;59.900;114.000;225.000;215.000
2055017ETERPU90P;NEUMATICO 205/50R17 PRAXENT PU90 93W;55.900;105.000;210.000;200.000
2055515GRENCOLO;NEUMATICO 205/55R15 GREENLANDER COLO H01;54.900;100.000;205.000;190.000
2055516NXAH5;Neumático 205/55R16 Nexen Npriz Ah5;84.900;160.000;320.000;300.000
2055516NXGX;NEUMATICO 205/55R16 NEXEN NPRIZ GX 91V;74.900;140.000;285.000;270.000
2055516APTA302;NEUMÁTICO 205/55R16 APTANY RA302 RUNFLAT;94.900;180.000;360.000;340.000
2055516NXCX;NEUMÁTICO 205/55R16 NEXEN NPRIZ CX;74.900;140.000;285.000;270.000
2055516ELITEECOA;NEUMATICO 205/55R16 AOTELITE ECO 91V;47.900;90.000;175.000;170.000
2055516SNEC99;NEUMATICO 205/55R16 91V SONIX ECOPRO 99;49.900;93.000;185.000;180.000
2055516SNXCS7;NEUMATICO 205/55R16 91V SONIX XCOMFORT S7;52.900;100.000;200.000;190.000
2055516ROADRXMOTI;NEUMATICO 205/55R16 ROADX H12 91V ;54.900;105.000;210.000;200.000
2055516GODRP28;NEUMATICO 205/55R16 GOODRIDE RP28;57.900;110.000;220.000;210.000
2055516GODG118;NEUMATICO 205/55R16 GOODRIDE G118 94W;59.900;110.000;225.000;215.000
2055517ROADU11;NEUMÁTICO 205/55ZR17 ROADX U11 95Y;64.900;122.000;245.000;235.000
2055517SNUHP08;NEUMATICO 205/55R17 SONIX UHP 08;59.900;112.000;225.000;215.000
2055519SNLZ56;NEUMATICO 205/55R19 SONIX LZEAL 56;99.900;190.000;380.000;360.000
2056014OURINGH7T;NEUMATICO 205/60R14 TRANSMATE TOURING H7 88H;53.900;100.000;200.000;195.000
2056015NXGX;NEUMATICO 205/60R15 NEXEN NPRIZ GX;74.900;140.000;285.000;270.000
2056015ASTRARR2R;NEUMATICO 205/60/15 RAUFAN ASTRAR R2 91V;49.900;94.000;190.000;180.000
2056015ECOSPORTC;NEUMATICO 205/60R15 COMFORSER ECOSPORT 91V;54.900;104.000;205.000;195.000
2056015GODG118;NEUMATICO 205/60R15 GOODRIDE G118 91H;59.900;110.000;225.000;215.000
2056015GOODYEAR;NEUMATICO 205/60R15 GOODYEAR EFFICIENT GRIP;119.900;225.000;450.000;430.000
2056015SUMAAT;NEUMATICO 205/60R15 SUMAXX AT 91H;74.900;140.000;285.000;270.000
2056016ROADH12;NEUMATICO 205/60R16 ROADX H12 91V;58.900;110.000;220.000;210.000
2056016GODG118;NEUMATICO 205/60R16 GOODRIDE G118 92V;64.900;122.000;245.000;235.000
2056016APTTA03Y;NEUMATICO 205/60R16 APTANY RP203 92H;49.900;94.000;190.000;180.000
2056016COMFCF1100;NEUMATICO 205/60R16 COMFORSER CF1100 92T;89.900;170.000;340.000;320.000
2056016NXGX;NEUMATICO 205/60R16 NEXEN NPRIZ GX 92V;79.900;150.000;300.000;285.000
2056016NXNBDHP;Neumático 205/60R16 Nexen Nblue Hd Plus 96H;92.900;175.000;350.000;335.000
2056016SNEC99;NEUMATICO 205/60R16 96V XL SONIX ECOPRO 99;54.900;104.000;208.000;195.000
2056515ROADH12;NEUMATICO 205/65R15 ROADX H12 94V;57.900;110.000;220.000;210.000
2056515RENUSECOT;NEUMATICO 205/65R15 TRANSMATE ECO 94H;51.900;98.000;195.000;185.000
2056515SPT1;NEUMATICO 205/65R15 DUNLOP SPT1 94T;79.900;151810;303620;287640
2056515SUMAALLTE;NEUMATICO 205/65R15 SUMAXX AT 94H;72.900;138.000;275.000;260.000
2056516APTRL106;NEUMATICO 205/65R16C APTANY RL 106 105T;74.900;140.000;285.000;270.000
2056516NXCT8;NEUMATICO 205/65R16C NEXEN ROADIAN CT8;109.900;208.000;415.000;395.000
2056516ROADH12;NEUMÁTICO 205/65R16 ROADX H12 95H;59.900;112.000;227.000;215.000
2056516ECOSPORTC;NEUMÁTICO 205/65R16 COMFORSER ECOSPORT;55.900;105.000;212.000;200.000
2057014NDERPH08P;NEUMATICO 205/70R14 PRAXENT PH08 95H;59.900;112.000;225.000;215.000
2057015MIRAMR30;NEUMATICO 205/70R15C MIRAGE MR300;72.900;135.000;270.000;260.000
2057015SUMAAIN;NEUMATICO 205/70R15 SUMAXX AT;89.900;170.000;340.000;325.000
2057015STMT;NEUMATICO 205/70R15 SUNSET MT ;89.900;170.000;340.000;320.000
2057015SNXS7;NEUMATICO 205/70R15 SONIX XCOMFORT S7 96T;59.900;112.000;225.000;215.000
2057514COMF350;NEUMATICO 205/75R14 COMFORSER CF350 109/107R;82.900;160.000;315.000;300.000
2057515COMF350;NEUMATICO 205/75R15 COMFORSER CF350 110/108R;82.900;160.000;315.000;300.000
2057516CKINGG326;NEUMATICO 205/75R16C KINGBOSS G326 108T;79.900;150.000;300.000;285.000
2057516CONTIWINT;NEUMATICO 205/75R16 CONTINENTAL WINTER;179.900;340.000;680.000;650.000
20575175HS205K;NEUMATICO 205/75R17.5 KAPSEN HS205 124/122M;99.900;199800;399600;380.000
2153518ROADU11;NEUMÁTICO 215/35ZR18 ROADX U11 84Y;74.900;140.000;280.000;270.000
2153518ROADMUHP08;NEUMATICO 215/35R18 ROADMARCH UHP 08;69.900;130.000;260.000;250.000
2153519SNUHP08;NEUMATICO 215/35ZR19 SONIX UHP 08 95W XL;99.900;185.000;380.000;370.000
2154017ROADU11;NEUMATICO 215/40R17 ROADX U11 87Y XL;64.900;120.000;245.000;230.000
2154018ROADU11;NEUMÁTICO 215/40ZR18 ROADX U11 89Y;69.900;132.000;265.000;250.000
2154516ROADMUHP08;NEUMÁTICO 215/45ZR16 ROADMARCH UHP 08;59.900;110.000;225.000;215.000
2154517COMFPS;NEUMATICO 215/45R17 COMFORSER PURESPEED;49.900;94.000;190.000;180.000
2154517NXNFSUR4G;NEUMATICO 215/45R17 NEXEN NFERA SUR4G SEMI SLICK;144.900;275.000;550.000;520.000
2154517NXPQX;NEUMATICO 215/45R17 NEXEN NFERA PRIMUS QX;94.900;180.000;360.000;340.000
2154517DZ102;NEUMATICO 215/45R17 DUNLOP DZ102 91W;117.900;220.000;445.000;425.000
2154517ROADU11;NEUMÁTICO 215/45ZR17 ROADX U11 91W;57.900;108.000;215.000;205.000
2154517SUMADRIFTX;NEUMÁTICO 215/45ZR17 SUMAXX MAX DRIFTING X;74.900;140.000;285.000;270.000
2154517WNSPRAC;NEUMATICO 215/45R17 WANLI SPORT RACING 91 XL;67.900;130.000;255.000;245.000
2154518ROADU11;NEUMÁTICO 215/45ZR18 ROADX U11 93Y;74.900;140.000;280.000;270.000
2154518TIONDU71R;NEUMATICO 215/45R18 ROADX DU71 93Y;78.900;150.000;295.000;280.000
2154518SNUHP08;NEUMATICO 215/45R18 SONIX UHP 08 93W XL;67.900;128.000;255.000;245.000
2155013ROADH03;NEUMATICO 215/50R13 ROADX RXMOTION H03 LETRA BLANCA 84H;62.900;115.000;235.000;225.000
2155017NXPQX;NEUMATICO 215/50R17 NEXEN NF PRIMUS QX 95V;94.900;180.000;360.000;340.000
2155017RENUSECOT;NEUMATICO 215/50R17 TRANSERENUS ECO TRANSMATE HT 95W;59.900;112.000;225.000;215.000
2155017OYIODU71R;NEUMÁTICO 215/50ZR17 ROADX DU71 95W;67.900;128.000;255.000;245.000
2155018SNLZ56;NEUMATICO 215/50ZR18 SONIX LZEAL 56 92W;74.900;142.000;285.000;270.000
2155516NXNFSU4;NEUMATICO 215/55R16 NEXEN NFERA SU4;84.900;160.000;320.000;305.000
2155516NGPROONEG;NEUMATICO 215/55R16 GRENLANDER KING PRO ONE;58.900;110.000;220.000;210.000
2155516ROADU11;NEUMÁTICO 215/55R16 ROADX U11;64.900;123.000;245.000;230.000
2155517ROADU11;NEUMÁTICO 215/55ZR17 ROADX U11 94W;69.900;130.000;260.000;250.000
2155517PURESPEEDC;NEUMATICO 215/55R17 COMFORSER PURESPEED;59.900;112.000;225.000;215.000
2155518PURESPEEDC;NEUMATICO 215/55R18 COMFORSER PURESPEED 95W;69.900;130.000;265.000;250.000
2155518ROADH12;NEUMÁTICO 215/55R18 ROADX H12;74.900;142.000;284.000;270.000
2156015SNP66;NEUMATICO 215/60R15 SONIX PRIMESTAR 66 94H;59.900;112.000;225.000;215.000
2156016NXPV;NEUMATICO 215/60R16 NEXEN NFERA PRIMUS V;89.900;170.000;340.000;320.000
2156016APT;NEUMATICO 215/60R16 APTANY RP203;59.900;112.000;225.000;215.000
2156016COMFCF51;NEUMATICO 215/60R16 COMFORSER CF510 99V;64.900;120.000;245.000;230.000
2156016SNP9;NEUMATICO 215/60R16C 103/101T SONIX PRIMEVAN 9;84.900;160.000;320.000;305.000
2156017COMFCF11;NEUMÁTICO 215/60R17 COMFORSER CF1100 100T;94.900;180.000;360.000;340.000
2156017WR9001R;NEUMATICO 215/60R17 WANDA AT 100T;84.900;160.000;320.000;305.000
2156017COMFCF35;NEUMÁTICO 215/60R17C COMFORSER CF350;89.900;170.000;340.000;320.000
2156017SR1HPW;NEUMATICO 215/60R17 WARRIOR SR1HP 100V;64.900;120.000;240.000;230.000
2156017NXGTX;NEUMATICO 215/60R17 NEXEN ROADIAN GTX;109.900;208.000;415.000;395.000
2156017ROADT01;NEUMATICO 215/60R17 ROADX HT01;74.900;140.000;280.000;270.000
2156017SNXCS7;NEUMATICO 215/60R17 SONIX XCOMFORT S7 96H;69.900;130.000;265.000;250.000
2156515SNSPS1;NEUMATICO 215/65R15C SONIX SUPERVAN S1;79.900;150.000;300.000;290.000
2156516GRENMAGA;NEUMATICO 215/65R16 GREENLANDER AT2;84.900;160.000;320.000;305.000
2156516ROADCO2;NEUMATICO 215/65R16C ROADX CO2 8PR;84.900;160.000;320.000;305.000
2156516NXCT8;NEUMATICO 215/65R16C NEXEN ROADIAN CT8;129.900;245.000;490.000;465.000
2156516ROADH12;NEUMÁTICO 215/65R16 ROADX H12 98H;64.900;122.000;245.000;230.000
2156516TRANTOURH7;NEUMATICO 215/65R16 TRANSMATE OURING H7;59.900;110.000;220.000;215.000
2156516SNXS7;NEUMATICO 215/65R16 SONIX XCOMFORT S7 98H;61.900;115.000;230.000;220.000
2156516NXGX;NEUMATICO 215/65R16 NEXEN NPRIZ GX;94.900;180.000;360.000;340.000
2156517NXCTX;NEUMATICO 215/65R17C NEXEN ROADIAN CTX 108/105H;179.900;340.000;680.000;650.000
2156517ROADH12;NEUMATICO 215/65R17 ROADX H12 103V;82.900;155.000;310.000;300.000
2157015SNXS7;NEUMATICO 215/70R15 SONIX XCOMFORT S7 98T;62.900;118.000;235.000;225.000
2157015SUMAT;NEUMATICO 215/70R15 SUMAXX AT 103T;84.900;160.000;320.000;305.000
2157015ROADMP9;NEUMATICO 215/70R15C ROADMARCH PRIMEVAN 9 104/101R;74.900;140.000;280.000;270.000
2157016ROADT01;NEUMATICO 215/70R16 ROADX HT01;77.900;148.000;295.000;280.000
2157016RACEAT01R;NEUMATICO 215/70/16 ROTALLA AT 100H;74.900;142.000;285.000;270.000
2157016LMAX9G;NEUMATICO 215/70R16C GREENLANDER LMAX 9 108/106R;79.900;150.000;305.000;285.000
2157016NXCP521;NEUMATICO 215/70R16C NEXEN CP521 6PR;134.900;255.000;510.000;485.000
2157016PUMAL500L;NEUMATICO 215/70R16 LENSTONE HT 100H;74.900;142.000;285.000;270.000
2157514MIL818AT;NEUMATICO 215/75R14 MILEKING MK818 101Q;85.900;160.000;325.000;310.000
2157514WR078W;NEUMATICO 215/75R14C WANDA WR078 102/98L;65.900;125.000;250.000;235.000
2157515MR;NEUMATICO 215/75R15 MIRAGE MR AT172 100S;74.900;140.000;280.000;270.000
2157515AT21R;NEUMATICO 215/75R15 ROADX AT21;79.900;150.000;300.000;285.000
2157515ONAT887;NEUMATICO 215/75R15 ONYX AT 887 100S ;79.900;150.000;300.000;280.000
2157516ROTRF19;NEUMATICO 215/75R16 ROTALLA RF19 116/114R;84.900;160.000;320.000;305.000
2157516NXCTX;NEUMATICO 215/75R16 NEXEN ROADIAN CTX;124.900;235.000;475.000;450.000
21575175MF126M;NEUMATICO 215/75R17.5 MAXZEZ MF126;99.900;199.800;399.600;380.000
2253519SNUHP08;NEUMATICO 225/35R19 88W XL SONIX UHP 08;99.900;190.000;380.000;360.000
2253520SNUHP08;NEUMATICO 225/35ZR20 SONIX UHP 08 90W XL;99.900;190.000;380.000;360.000
2254018ROADRFT;NEUMÁTICO 225/40ZRF18 ROADX U11 RUNFLAT 92W;134.900;250.000;500.000;485.000
2254018SAFYM06M;NEUMATICO 225/40ZRZ18 MINNEL RUNFLAT 92W;124.900;235.000;470.000;450.000
2254018ROADU11;NEUMÁTICO 225/40ZR18 ROADX U11;69.900;132.000;265.000;250.000
2254018PURESPEEDC;NEUMATICO 225/40R18 COMFORSER PURESPEED 92Y;64.900;123.000;245.000;240.000
2254018SNUH08;NEUMATICO 225/40R18 SONIX UHP08 92W;74.900;140.000;280.000;270.000
2254018R35W;NEUMATICO 225/40R18 WARRIOR R35 92W;62.900;120.000;240.000;230.000
2254018WLSPRAC;NEUMATICO 225/40R18 WANLI SPORT RACING;84.900;160.000;320.000;305.000
2254019ROADRXRFT;NEUMÁTICO 225/40R19 ROADX U11 RUNFLAT 89W;149.900;280.000;560.000;540.000
2254517ROADMRFT;NEUMATICO 225/45RZRF17 ROADMARCH LZEAL 56 RUNFLAT;99.900;190.000;380.000;360.000
2254517ROADU11;NEUMÁTICO 225/45ZR17 ROADX U11 94W;64.900;123.000;245.000;230.000
2254517PURESPEEDC;NEUMATICO 225/45R17 COMFORSER 94Y;59.900;113.000;225.000;215.000
2254517APT301;NEUMATICO 225/45R17 APTANY RA301;54.900;104.000;208.000;200.000
2254517ZE310TH;NEUMATICO 225/45R17 94W FALKEN ZE310R;119.000;220.000;450.000;430.000
2254518BRRFT;NEUMATICO 225/45ZRF18 BRIDGESTONE DUELER HP SPORT RUNFLAT 91V;199.900;399.800;750.000;700.000
2254518GLEL300L;NEUMATICO 225/45R18 LENSTONE RUNFLAT;109.900;210.000;420.000;400.000
2254518ROADRFT;NEUMATICO 225/45RZRF18 ROADX U11 RUNFLAT 95W;124.900;235.000;470.000;450.000
2254518PRP7RFT;NEUMATICO 225/45ZRF18 PIRELLI CINTURATO P7 RUNFLAT 91Y ;199.900;399.800;750.000;700.000
2254518R35W;NEUMATICO 225/45R18 WARRIOR R35 95W;69.900;130.000;260.000;250.000
2254518ROADU11;NEUMÁTICO 225/45ZR18 ROADX U11 95W;84.900;160.000;320.000;305.000
2254519ROADU01;NEUMÁTICO 225/45R19 ROADX SU01 96W;89.900;170.000;340.000;320.000
2255015RRAINTAS;NEUMATICO 225/50R15 SUMAXX AT;84.900;160.000;320.000;305.000
2255016SNUHP08;NEUMATICO 225/50R16 SONIX UHP 08 96W;69.900;130.000;265.000;250.000
2255017ROADMUHP08;NEUMATICO 225/50R17 ROADMARCH UHP08 98W;67.900;128.000;255.000;245.000
2255017ROADU11;NEUMÁTICO 225/50RZR17 ROADX U11;74.900;140.000;285.000;270.000
2255017ROADU11RFT;NEUMÁTICO 225/50R17 ROADX U11 RUNFLAT 98W;134.900;255.000;510.000;485.000
2255017SNLZRFT;NEUMATICO 225/50ZRF17 98W XL SONIX LZEAL 56 RUNFLAT;124.900;235.000;470.000;450.000
2255018BRID;NEUMÁTICO 225/50R18 BRIDGESTONE ALENZA 001 95V;174.900;335.000;670.000;650.000
2255018ROADU01;NEUMATICO 225/50R18 ROADX SU01 99Y;89.900;170.000;340.000;320.000
2255018SNLZ56;NEUMATICO 225/50R18 SONIX LZEAL 56;79.900;150.000;300.000;285.000
2255018NXGTX;NEUMATICO 225/50R18 NEXEN ROADIAN GTX;129.900;245.000;490.000;470.000
2255019ACERU01R;NEUMATICO 225/50R19 ROTALLA R01 100W;109.900;200.000;400.000;385.000
2255516ROADU11Y;NEUMATICO 225/55R16 ROADX U11 99Y;79.900;150.000;300.000;290.000
2255517R32W;NEUMATICO 225/55R17 WARRIOR R32 97V ;69.900;132.000;265.000;250.000
2255518COMF100;NEUMÁTICO 225/55R18 COMFORSER CF1100;114.900;215.000;430.000;410.000
2255518SNUHP08;NEUMATICO 225/55R18 102V XL SONIX UHP08;74.900;140.000;280.000;270.000
2255518ROADU01;NEUMATICO 225/55R18 ROADX SU01;84.900;180.000;320.000;305.000
2255519NXGTX;NEUMATICO 225/55R19 NEXEN ROADIAN GTX 99W;129.900;245.000;490.000;470.000
2255519ROADU01;NEUMÁTICO 225/55R19 ROADX SU01 99W;89.900;170.000;340.000;320.000
2255519FORZARR4R;NEUMATICO 225/55R19 RAUFAN FORZAR R4 99Y;82.900;158.000;315.000;300.000
2256016SNEC99;NEUMATICO 225/60R16 SONIX ECOPRO 99;64.900;123.000;245.000;230.000
2256017COMFCF11;NEUMATICO 225/60R17 COMFORSER CF1100 103H;104.900;195.000;390.000;380.000
2256017ROADT02;NEUMÁTICO 225/60R17 ROADX RXQUEST HT02;82.900;158.000;315.000;300.000
2256017GRENMAGA;NEUMATICO 225/60R17 GREENLANDER AT 99H;83.900;160.000;320.000;300.000
2256017ASTRARR2R;NEUMATICO 225/60R17 RAUFAN ASTRAR R2 99H;71.900;133.000;265.000;250.000
2256018LANDRF10R;NEUMÁTICO 225/60R18 ROTALLA RF10;79.900;150.000;300.000;290.000
2256018ROADRXQU;NEUMATICO 225/60R18 ROADX HT02 100H;84.900;160.000;325.000;310.000
2256516SNP66;NEUMATICO 225/65R16 SONIX PRIMESTAR 66;74.900;140.000;280.000;270.000
2256516G326;NEUMATICO 225/65R16C KINGBOSS G326 110T;79.900;150.000;300.000;285.000
2256517COLOH02G;NEUMATICO 225/65R17 GREENLANDER COLO H02 102H;71.900;130.000;265.000;250.000
2256517SNXS7;NEUMATICO 225/65R17 SONIX XCOMFORT S7 102H;77.900;145.000;290.000;280.000
2256517NXGTX;NEUMATICO 225/65R17 NEXEN ROADIAN GTX;124.900;235.000;475.000;450.000
2256517SUMAAT;NEUMATICO 225/65R17 SUMAXX AT;92.900;175.000;350.000;330.000
2257015ROADMP9;NEUMATICO 225/70R15C ROADMARCH PRIMEVAN 9 110R;79.900;150.000;305.000;290.000
2257016MINNEL;NEUMATICO 225/70R16 MINNEL SAFY M06 103H;77.900;148.000;295.000;280.000
2257016WZR505T;NEUMATICO 225/70R16 TRANSMATE AT 101T;89.900;170.000;340.000;320.000
2257017DAT20;NEUMÁTICO 225/70R17C DUNLOP AT20 108/106S;119.900;225.000;455.000;430.000
2257017KMAT52;NEUMÁTICO 225/70R17C KUMHO AT52;119.900;225.000;455.000;430.000
2257515ZXAT;NEUMATICO 225/75R15 ZEXTOUR HIGHLANDER AT;84.900;169.800;339.600;300.000
2257516UESTAT21R;NEUMATICO 225/75R16 ROADX AT21 10 PR;104.900;195.000;390.000;375.000
2257516GRENLMAX9;NEUMATICO 225/75R16 GREENLANDER LMAX 9;89.900;170.000;340.000;320.000
2257516CONTIVAN100;NEUMATICO 225/75R16 CONTINENTAL VANCO 100;179.900;340.000;680.000;650.000
2257516NXATPRO;NEUMATICO 225/75R16 NEXEN AT PRO;129.900;245.000;490.000;465.000
2353519ROADMUHP08;NEUMATICO 235/35R19 ROADMARCH UHP 08;84.900;160.000;320.000;300.000
2354018ROADMUHP08;NEUMATICO 235/40R18 ROADMARCH PRIME UHP08;69.900;130.000;265.000;250.000
2354018ROADU11;NEUMÁTICO 235/40ZR18 ROADX U11 95W XL;76.900;145.000;290.000;275.000
2354517ROADRXMO;NEUMATICO 235/45R17 ROADX U11;77.900;145.000;290.000;280.000
2354517COSILENCYW;NEUMATICO 235/45R17 RARRIOR COSILENCY 97W;69.900;130.000;260.000;250.000
2354518ROADU11;NEUMÁTICO 235/45R18 ROADX U11 98Y;89.900;170.000;340.000;320.000
2354518SNUHP08;NEUMATICO 235/45ZR18 98W XL SONIX UHP 08;74.900;140.000;280.000;270.000
2355018ROADMUHP08;NEUMATICO 235/50R18 ROADMARCH PRIME UHP08;79.900;150.000;300.000;285.000
2355019ROADU02;NEUMÁTICO 235/50R19 ROADX SU02;109.900;205.000;410.000;395.000
2355019SR1HPW;NEUMATICO 235/50R19 WARRIOR SR1HP 99V;97.900;180.000;360.000;350.000
2355020SNLZ56;NEUMATICO 235/50ZR20 104W SONIX LZEAL 56;124.900;235.000;470.000;450.000
2355517R35W;NEUMATICO 235/55R17 WARRIOR HT;74.900;140.000;280.000;270.000
2355518SNUHP08;NEUMATICO 235/55R18 SONIX UHP 08 104V XL;79.900;150.000;300.000;285.000
2355519COSILENCYW;NEUMATICO 235/55R19 WARRIOR COSILENCY 105V ;87.900;165.000;330.000;315.000
2355519ROADT02;NEUMÁTICO 235/55R19 ROADX HT02;99.900;190.000;380.000;360.000
2355520ROADMLZ56;NEUMATICO 235/55R20 ROADMARCH LZEAL 56;119.900;225.000;450.000;430.000
2356016COMF000;NEUMATICO 235/60R16 COMFORSER CF1000 100H;119.900;225.000;450.000;430.000
2356016WR9001W;NEUMATICO 235/60R16 WANDA AT 100W;99.900;190.000;375.000;360.000
2356016ROADH12;NEUMÁTICO 235/60R16 ROADX H12 100V;72.900;137.000;275.000;260.000
2356016SNXS7;NEUMATICO 235/60R16 100H SONIX XCOMFORT S7;64.900;120.000;240.000;230.000
2356017APTA25Y;NEUMÁTICO 235/60R17 APTANY RU25 102H;75.900;145.000;285.000;270.000
2356017ROADHT02;NEUMATICO 235/60R17 ROADX HT02;89.900;170.000;335.000;320.000
2356017SNHT79;NEUMATICO 235/60R17SONIX HT 79 106H XL;84.900;160.000;320.000;305.000
2356018ROADT01;NEUMÁTICO 235/60R18 ROADX HT01;89.900;170.000;335.000;320.000
2356018UESTAT21R;NEUMATICO 235/60R18 ROADX AT21;99.900;190.000;375.000;360.000
2356018LANDFR10R;NEUMATICO 235/60R18 ROTALLA RF10 107H;82.900;155.000;310.000;300.000
2356516NXCT8;NEUMATICO 235/65R16C NEXEN ROADIAN CT8;119.900;225.000;450.000;430.000
2356516COMF350;NEUMATICO 235/65R16C COMFORSER CF350 115/113R;82.900;155.000;310.000;300.000
2356517KMKL33;NEUMATICO 235/65R17 KUMHO KL33    ;129.900;245.000;490.000;460.000
2356517NXGTX;NEUMATICO 235/65R17 NEXEN GTX 104H;149.900;280.000;560.000;540.000
2356517ROADT01;NEUMATICO 235/65R17 ROADX HT01;89.900;170.000;340.000;320.000
2356517ROADT21;NEUMATICO 235/65R17 ROADX AT21;99.900;190.000;375.000;360.000
2356517PIRITGTXT;NEUMATICO 235/65R17 TRANSMATE GTX 108H;79.900;150.000;300.000;285.000
2356517SNHT79;NEUMATICO 235/65R17 SONIX HT 79 104H;85.900;160.000;320.000;305.000
2356518SR1HPW;NEUMATICO 235/65R18 WARRIOR SR1HP 106H;89.900;170.000;340.000;320.000
2357016ROADT01;NEUMATICO 235/70R16 ROADX HT01;89.900;170.000;340.000;325.000
2357016ROADRXQU;NEUMATICO 235/70R16 ROADX AT21;99.900;190.000;380.000;360.000
2357016NXATPRO;NEUMATICO 235/70R16 NEXEN AT PRO;124.900;235.000;470.000;450.000
2357515SNAT1;NEUMATICO 235/75R15 SONIX AT1 109S;79.900;150.000;300.000;285.000
2357515SNAT2;NEUMATICO 235/75R15 SONIX AT2 104/101S LT W;94.900;180.000;360.000;340.000
2357515SUMAAIN;NEUMÁTICO 235/75R15 SUMAXX AT;92.900;175.000;350.000;335.000
2357515XBHT;Neumático 235/75R15 Xbri Forza Ht;74.900;149.800;299.600;270.000
2357515XBMT2;NEUMATICO 235/75R15 XBRI MT2 104/101Q;105.900;200.000;400.000;380.000
2453020SNLZ56;NEUMATICO 245/30ZR20 95W XL SONIX LZEAL 56;99.900;190.000;380.000;360.000
2453518ROADU11;NEUMATICO 245/35ZR18 ROADX U11 93Y XL;99.900;190.000;380.000;360.000
2453518ROADU11RF;NEUMÁTICO 245/35ZRZ18 ROADX U11 RUNFLAT 92Y XL;139.900;265.000;530.000;500.000
2453519ROADU11;NEUMÁTICO 245/35R19 ROADX H/T 93Y;10.900;205.000;410.000;390.000
2453520SNLZ56;NEUMATICO 245/35R20 SONIX LZEAL 56 95W XL;94.900;180.000;355.000;340.000
2453521SNLZ56;NEUMATICO 245/35ZR21 96W XL SONIX LZEAL 56;149.900;285.000;570.000;540.000
2454017ROADU11;NEUMATICO 245/40R17 ROADX U11 95W XL;79.900;150.000;300.000;285.000
2454018ROADRFT;NEUMATICO 245/40R18 ROADX U11 RUNFLAT 97Y XL;129.900;240.000;485.000;470.000
2454018ROADU11;NEUMÁTICO 245/40ZR18 ROADX U11 97Y XL;84.900;160.000;320.000;305.000
2454018SNLZ56RFT;NEUMATICO 245/40RZR18 97W XL SONIX LZEAL 56 RUNFLAT;123.900;235.000;470.000;445.000
2454019ROADMUHP08;NEUMATICO 245/40R19 ROADMARCH UHP08 98W;85.900;160.000;320.000;305.000
2454517SNLZ56;NEUMATICO 245/45R17 SONIX LZEAL 56 99W;84.900;160.000;320.000;300.000
2454518ROADMUHP08;NEUMATICO 245/45R18 ROADMARCH UHP 08 100W;82.900;155.000;310.000;300.000
2454518ROADU11;NEUMÁTICO 245/45ZR18 ROADX U11;89.900;170.000;335.000;320.000
2454518ROADU11RFT;NEUMÁTICO 245/45ZRF18 ROADX U11 RUNFLAT 100W;134.900;250.000;500.000;485.000
2454519SNUHP08;NEUMATICO 245/45R19 SONIX UHP 08 102W XL;79.900;150.000;300.000;285.000
2454520ONDERGYEVW;NEUMATICO 245/45ZR20 WARRIOR WONDERGY EV 103V;89.900;170.000;330.000;320.000
2455018PRPZERO;NEUMÁTICO 245/50ZR18 PIRELLI PZERO;124.900;249.800;470.000;450.000
2455019SNLZ56;NEUMATICO 245/50R19 SONIX LZEAL 56 105V;99.900;190.000;380.000;360.000
2455020SNLZ56;NEUMATICO 245/50R20 SONIX LZEAL 56 105W;99.900;190.000;380.000;360.000
2456018ROADMHT79;NEUMATICO 245/60R18 ROADMARCH HT 79 105H;89.900;170.000;340.000;320.000
2456517ROADT01;NEUMÁTICO 245/65R17 ROADX HT01 107S;92.900;175.000;340.000;325.000
2456517RRAINATS;NEUMATICO 245/65R17 SUMAXX AT;114.900;215.000;430.000;415.000
2457016ROADMMT2;NEUMATICO 245/70R16 ROADMARCH MT2 115Q;129.900;245.000;485.000;465.000
2457016ROADT21;NEUMÁTICO 245/70R16 ROADX AT21;94.900;180.000;355.000;340.000
2457016SNAT1;NEUMÁTICO 245/70R16 SONIX AT1 107T;89.900;170.000;340.000;320.000
2457016SUMAAIN;NEUMÁTICO 245/70R16 SUMAXX AT;109.900;205.000;410.000;395.000
2457016ROADT01;NEUMATICO 245/70R16 ROADX HT01 11T;94.900;180.000;355.000;340.000
2457017CHAOHT;NEUMÁTICO 245/70R17 CHAOYANG SU318;94.900;180.000;355.000;340.000
2457017ESTHT02R;NEUMATICO 245/70R17 ROADX HT02 110T;104.900;195.000;385.000;370.000
2457017UESTAT21R;NEUMATICO 245/70R17 ROADX AT21 10PR;124.900;235.000;465.000;450.000
2457515SNAT2;NEUMATICO 245/75R15C SONIX AT2 109/107S LT;104.900;195.000;395.000;380.000
2457516RTISMT01T;NEUMATICO 245/75R16 TRANSMATE MT;129.900;240.000;485.000;465.000
2457516ROADT21;NEUMÁTICO 245/75R16 ROADX AT21 111T;99.900;190.000;375.000;360.000
2457516SUMAAT;NEUMATICO 245/75R16 SUMAXX AT 120/116S;129.900;245.000;485.000;465.000
2457516SNAT2;NEUMATICO 245/75R16 111T W SONIX AT2;89.900;170.000;340.000;320.000
2457516SNRT;NEUMATICO 245/75R16 SONIX RT 120/116Q W LT;124.900;235.000;470.000;450.000
2457516ROADAT21LT;NEUMATICO 245/75R16 ROADX AT21 10PR 120/116S;122.900;230.000;460.000;440.000
2553020SNLZ56;NEUMATICO 255/30ZR20 SONIX LZEAL 56 92Y XL;109.900;205.000;415.000;395.000
2554518SNUHP08;NEUMATICO 255/45R18 SONIX UHP 08;89.900;170.000;340.000;325.000
2555019ROADT02;NEUMÁTICO 255/50R19 ROADX HT02;111.900;210.000;420.000;400.000
2555019SNUHP08;NEUMATICO 255/50R19 107V XL SONIX UHP 08;99.900;190.000;380.000;360.000
2555020ROADMUHP07;NEUMATICO 255/50R20 ROADMARCH PRIME UHP07;99.900;190.000;375.000;360.000
2555020ROADU01;NEUMÁTICO 255/50R20 ROADX SU01 109Y;104.900;200.000;395.000;380.000
2555518WZD105T;NEUMATICO 255/55R18 TRANSMATE WZD105 109V;92.900;175.000;350.000;335.000
2555519ROADU01;NEUMÁTICO 255/55R19 ROADX SU01 111Y;104.900;195.000;390.000;375.000
2555519PIRELLI;NEUMATICO 255/55R19 PIRELLI SCORPION VEAS 111H ;249.900;475.000;940.000;900.000
2556018ROADAT21;NEUMATICO 255/60R18 ROADX AT21 112H;127.900;240.000;480.000;460.000
2556018ROADU01;NEUMÁTICO 255/60R18 ROADX SU01;104.900;200.000;390.000;380.000
2556018COMFCF11;NEUMATICO 255/60R18 COMFORSER CF1100 112/108S;164.900;310.000;620.000;590.000
2556018RAUFFTHT;NEUMATICO 255/60R18 RAUFAN HT 112Y;93.900;180.000;350.000;330.000
2556517UESTAT21R;NEUMATICO 255/65R17 ROADX AT21 114T;119.900;225.000;450.000;430.000
2557015SNAT2;NEUMATICO 255/70R15 SONIX AT2 112/110S;99.900;190.000;380.000;360.000
2557016NXAT;NEUMATICO 255/70R16 NEXEN AT PRO;149.900;280.000;570.000;540.000
2557016BRAT;NEUMATICO 255/70R16 BRIDGESTONE AT;149.900;285.000;570.000;540.000
2557016MRAT172;NEUMATICO 255/70R16 MIRAGE AT 111T;92.900;175.000;350.000;335.000
2557016SNRT;NEUMATICO 255/70R16 SONIX RT 111Q W;119.900;225.000;450.000;430.000
2557016SUMAAIN;NEUMÁTICO 255/70R16 SUMAXX AT 111T;114.900;215.000;435.000;415.000
2557016MRHT172;NEUMATICO 255/70R16 MIRAGE HT 172 111T;92.900;175.000;350.000;335.000
2557017BRAT;NEUMATICO 255/70R17 BRIDGESTONE AT;159.900;300.000;600.000;575.000
2654521SNUHP08;NEUMATICO 265/45R21 108W XL SONIX UHP 08;144.900;275.000;550.000;520.000
2655020SNLZ56;NEUMATICO 265/50R20 111V XL SONIX LZEAL 56;109.900;208.000;410.000;395.000
2656018SUMAAIN;NEUMÁTICO 265/60R18 SUMAXX AT;124.900;235.000;470.000;450.000
2656018ROADT02;NEUMATICO 265/60R18 ROADX HT02 110H;109.900;205.000;410.000;395.000
2656018AATTWOG;NEUMATICO 265/60R18 GREENLANDER AT;109.900;205.000;415.000;395.000
2656018LANDRF10R;NEUMATICO 265/60R18 ROTALLA RF10 HT 110H;99.900;190.000;375.000;360.000
2656018COOPAT;NEUMATICO 265/60R18 COOPER AT;169.900;320.000;630.000;600.000
2656517COMFCF11;NEUMÁTICO 265/65R17 COMFORSER CF1100;139.900;265.000;525.000;500.000
2656517NXTAPRO;NEUMATICO 265/65R17 NEXEN AT PRO;154.900;290.000;580.000;560.000
2656517PRATR;NEUMATICO 265/65R17 PIRELLI ATR 112S;159.900;300.000;600.000;575.000
2656517BRAT693;NEUMATICO 265/65R17 BRIDGESTONE HT;154.900;290.000;580.000;550.000
2656517ROADT21;NEUMÁTICO 265/65R17 ROADX AT21 112H;109.900;208.000;410.000;395.000
2656517SNAT2;NEUMATICO 265/65R17 SONIX PRIMEMAX AT2 111T;99.900;190.000;380.000;360.000
2656517SNRT;NEUMATICO 265/65R17 SONIX RT 116Q;129.900;245.000;485.000;465.000
2656517SUMAAIN;NEUMÁTICO 265/65R17 SUMAXX AT;124.900;235.000;470.000;450.000
2656517WINDAT2;NEUMATICO 265/65R17 WINDFORCE AT2;112.900;225.800;430.000;400.000
2656517ROADMMT2;NEUMATICO 265/65R17 ROADMARCH MT2;139.900;265.000;530.000;500.000
2656518SUMAALLTE;NEUMATICO 265/65R18 SUMAXX AT 114T;136.900;255.000;510.000;490.000
2656518WESTSU318;NEUMATICO 265/65R18 WESTLAKE SU318 HT;119.900;225.000;450.000;430.000
2656518GITI;NEUMATICO 265/65R18 GITI HT;109.900;210.000;410.000;390.000
2657016AT21R;NEUMÁTICO 265/70R16 ROADX AT21 112H;109.900;205.000;410.000;395.000
2657016BR684;NEUMÁTICO 265/70R16 BRIDGESTONE HT684;119.900;220.000;450.000;430.000
2657016SUMAAIN;NEUMÁTICO 265/70R16 SUMAXX AT;124.900;230.000;460.000;445.000
2657016MIR;NEUMATICO 265/70R16 MIRAGE AT172 112T;97.900;185.000;365.000;350.000
2657017ROADMMT2;NEUMATICO 265/70R17 ROADMARCH MT2 118Q;154.900;290.000;580.000;550.000
2657017SNAT2;NEUMATICO 265/70R17 SONIX AT2 115S;109.900;208.000;415.000;395.000
2657017UESTAT21R;NEUMATICO 265/70R17 ROADX AT21 115T;124.900;235.000;465.000;450.000
2657516MRAT172;NEUMATICO 265/75R16 MIRAGE AT172 116S;109.900;205.000;410.000;395.000
2657516SNRT;NEUMATICO 265/75R16 SONIX RT 119/116Q W LT;139.900;260.000;520.000;500.000
2657516SUMAAIN;NEUMÁTICO 265/75R16 SUMAXX AT;134.900;155.000;510.000;485.000
2657516RTISMT01T;NEUMATICO 265/75R16 TRANSMATE MT 123/120Q;139.900;265.000;525.000;500.000
2657516WINDAT2;NEUMATICO 265/75R16 WINDFORCE AT2 116T;134.900;255.000;510.000;480.000
2753021SNNLZ56;NEUMATICO 275/30ZR21 SONIX LZEAL 56 98W XL;139.900;265.000;530.000;500.000
2754022SNUHP07;NEUMATICO 275/40R22 SONIX UHP 07 107W XL;179.900;340.000;680.000;650.000
2754520ROADU11;NEUMATICO 275/45R20 ROADX U11    ;124.900;235.000;470.000;450.000
2754521SNUHP08;NEUMATICO 275/45R21 SONIX UHP 08 110W;179.900;340.000;680.000;650.000
2755021SNLZ56;NEUMATICO 275/50R21 SONIX LZEAL 56 113V XL;149.900;280.000;560.000;540.000
2755520ROADAT03;NEUMÁTICO 275/55R20 ROADX AT03;139.900;260.000;525.000;500.000
2756020COMFCF11;NEUMÁTICO 275/60R20 COMFORSER CF1100;199.900;370.000;740.000;720.000
2756020SNRT;NEUMATICO 275/60R20 SONIX RT 116Q W;159.900;300.000;600.000;575.000
2756518SNRT;NEUMATICO 275/65R18 SONIX RT 116Q W;149.900;280.000;560.000;540.000
2785014STAT;NEUMATICO 27/850R14 SUNSET AT 95Q;79.900;150.000;300.000;285.000
2785014STMT;NEUMATICO 27/850R14 SUNSET MT;89.900;170.000;340.000;320.000
2853522SNLZ56;NEUMATICO 285/35R22 SONIX LZEAL 56 106W XL;159.900;300.000;600.000;575.000
2854022SNUHP07;NEUMATICO 285/40R22 SONIX UHP 07 110V XL;159.900;300.000;600.000;575.000
2854522SNUHP07;NEUMATICO 285/45R22 SONIX UHP 07 114V XL;169.900;320.000;640.000;610.000
2857017SNRT;NEUMATICO 285/70R17 SONIX RT 116/113Q W LT;164.900;310.000;620.000;590.000
2857516SNRT;NEUMATICO 285/75R16 SONIX RT 116/113Q W LT;164.900;310.000;620.000;590.000
2954021SNUHP08;NEUMATICO 295/40R21 SONIX UHP 08;139.900;260.000;520.000;500.000
2954022SNLZ56;NEUMATICO 295/40R22 SONIX LZEAL 56 110W;199.900;380.000;760.000;720.000
2954520SNUHP07;NEUMATICO 295/45R20 SONIX UHP 07 114W XL;179.900;340.000;680.000;650.000
3054020SNLZ56;NEUMATICO 305/40R20 SONIX LZEAL 56 112U;199.900;380.000;760.000;720.000
31105015SUMAAIN;NEUMATICO 31/10.50R15 SUMAXX AT 109S;124.900;235.000;470.000;450.000
31105015XBHT;Neumático 31x1050R15 Xbri Forza Ht;79.900;150.000;300.000;285.000
3115015MRQ;NEUMATICOS 31/10.50R15 MIRAGE MT;129.900;245.000;490.000;470.000
3153520SONIX;NEUMÁTICO 315/35ZR20 SONIX LZEAL 56 110W;134.900;255.000;510.000;485.000
3154021SNUHP08;NEUMATICO 315/40R21 SONIX UHP 08;179.900;340.000;670.000;650.000
33125020SNRT;NEUMATICO 33/12.50R20 SONIX RT 114Q W;179.900;340.000;670.000;650.000
33125022SNRT;NNEUMATICO 33/12.50R22 SONIX RT 109Q W;199.900;380.000;750.000;720.000
35125022SNRT;NNEUMATICO 35/12.50R22 SONIX RT 117Q W;229.900;430.000;860.000;830.000
50012DIAMDM346;NEUMATICO 500R12 DIAMAX AT;35.900;68.000;135.000;130.000
50012SNP28;NEUMATICO 500R12 SONIX PRIMEVAN 28 83/81Q;34.900;65.000;130.000;125.000
55012BCTBL808;NEUMATICO 550R12 BCT AT 90P;49.900;93.000;185.000;180.000
55013LONGZT80;NEUMATICO 550R13C LONGWAY ZT801 92P;54.900;104.000;205.000;198.000
60013CH855;NEUMATICO 600R13C CHAOYANG CL-855 8PR 93/85L;69.900;130.000;265.000;250.000
65016DK259;NEUMATICO 650R16C DOUBLE KING DK259 107/102N;94.900;189.800;379.600;360.000
70015AL4000D;NEUMATICO 700R15C HONOUR AL4000 109/105L;99.900;199.800;399.600;380.000
70016SYT819S;NEUMATICO 700R16C SEYOUN DIRECCIONAL 118/114L;99.900;199.800;399.600;380.000
70016SYT802S;NEUMATICO 700R16C SEYOUN TRACCIONAL 118/114L;99.900;199.800;399.600;380.000
75016DR601;Neumático 750R16 Durable Dr601;119.900;239.800;479.600;450.000
75016DR816;Neumático 7.50R16C Durable Dr816;129.900;259.800;519.600;490.000
