MEDIDA;PRECIO
145R13;
155/65R13;110.000
155/65R14;120.000
155/70R13;120.000
155/70R14;130.000
155R12;135.000
155R13;140.000
165/60R14;120.000
165/65R13;125.000
165/65R14;125.000
165/70R13;120.000
165/70R14;130.000
165/80R14;170.000
175/60R13;145.000
175/60R14;170.000
175/65R14;130.000
175/65R15;170.000
175/70R13;120.000
175/70R14;130.000
175/70R14C;170.000
175R14;190.000
185/45R15;180.000
185/55R15;150.000
185/55R16;170.000
185/60R14;135.000
185/60R15;150.000
185/65R14;135.000
185/65R15;150.000
185/70R13;130.000
185/70R14;150.000
185R14;200.000
195/40R17;210.000
195/45R15;180.000
195/45R16;170.000
195/45R17;220.000
195/50R15;150.000
195/50R16;170.000
195/55R15;150.000
195/55R16;170.000
195/60R15;160.000
195/60R16;180.000
195/65R15;160.000
195/70R15C;240.000
195/75R16;260.000
195R14;220.000
195R15;250.000
205/40R17;180.000
205/45R16;180.000
205/45R17;180.000
205/50R15;180.000
205/50R16;180.000
205/50R17;210.000
205/55R15;190.000
205/55R16;170.000
205/55R17;220.000
205/60R15;180.000
205/60R16;180.000
205/65R15;185.000
205/65R16;200.000
205/65R16C;270.000
205/70R15C;260.000
215/45R17;180.000
215/45R18;250.000
215/50R13;220.000
215/50R17;220.000
215/55R17;220.000
215/55R18;250.000
215/60R16;210.000
215/60R16C;300.000
215/60R17;230.000
215/60R17C;320.000
215/65R16;220.000
215/65R16C;300.000
215/70R15C;260.000
215/70R16;270.000
215/70R16C;280.000
215/75R14;240.000
215/75R15;270.000
225/40R18;230.000
225/45R17;200.000
225/45R18;250.000
225/50R17;250.000
225/55R17;260.000
225/55R18;280.000
225/60R17;250.000
225/65R17;250.000
225/70R15C;280.000
225/70R16;280.000
225/75R16;310.000
235/40R18;320.000
235/45R17;250.000
235/45R18;270.000
235/55R17;280.000
235/55R18;290.000
235/55R19;310.000
235/60R16;240.000
235/60R17;290.000
235/60R18;300.000
235/65R17;280.000
235/70R16;330.000
235/75R15;300.000
245/60R18;315.000
245/65R17;330.000
245/70R16;320.000
245/70R17;340.000
245/75R16;320.000
255/50R20;380.000
255/55R18;330.000
255/55R19;340.000
255/60R18;330.000
255/65R17;330.000
255/70R16;340.000
265/60R18;350.000
265/65R17;350.000
265/70R16;350.000
265/70R17;400.000
265/75R16;400.000
31/10.50R15;430.000
